start database manager;
create database ibs;
connect to ibs;
create table ploginInfo(userName varchar(20),password varchar(20),lastloginDate date,lastloginTime time,blockstatus int,userID int,transactionPass varchar(20));
create table cloginInfo(userName varchar(20),password varchar(20),lastloginDate date,lastloginTime time,blockstatus int,userID int,transactionPass varchar(20));
insert into ploginInfo values('karanjain','karan','02.11.2008','14:28:30',0,1,'karantrans');
insert into ploginInfo values('rohitjaiswal','rohyt','02.11.2008','14:28:35',0,2,'rohyttrans');
insert into cloginInfo values('ajaygautam','ajay','02.11.2008','14:28:40',0,3,'ajaytrans');
insert into cloginInfo values('gauravgupta','gaurav','02.11.2008','14:28:50',0,4,'gauravtrans');
create table myProfile(userID int,myName varchar(25),myAddress varchar(50),myPhone varchar(15),mail varchar(50),IDproof varchar(20),IDtype varchar(40));
create table profileSettings(userID int,securityCode varchar(20),defaultTheme varchar(20));
insert into myProfile values(1,'Karan Jain','Room #45, Vishweshwariyya','+919889294367','karan.jain@cashnxt.net','KAR123','Driving License');
insert into myProfile values(2,'Rohit Jaiswal','Room #104, Rajputana','+919936759359','rohit.jaiswal@cashnxt.net','ROH123','Driving License');
insert into myProfile values(3,'Ajay Gautam','Room #49, Vishweshwariyya','+919721272721','ajay.gautam@cashnxt.net','AJA123','Driving License');
insert into myProfile values(4,'Gaurav Gupta','Room #99, Rajputana','+919956949491','gaurav.gupta@cashnxt.net','GAU123','Driving License');
insert into profileSettings values(1,'Enabled','Theme 1');
insert into profileSettings values(2,'Enabled','Theme 2');
insert into profileSettings values(3,'Enabled','Theme 3');
insert into profileSettings values(4,'Disabled','Theme 1');
create table accountMapping (userID int,accountNumber bigint);
insert into accountMapping values(1,1024657847);
insert into accountMapping values(1,1024659247);
insert into accountMapping values(2,1025347847);
insert into accountMapping values(2,1024657899);
insert into accountMapping values(2,1029657847);
insert into accountMapping values(3,1022657847);
insert into accountMapping values(3,1098757847);
insert into accountMapping values(4,1024633347);
insert into accountMapping values(4,1024633847);
insert into accountMapping values(4,1024653247);
insert into accountMapping values(4,1024324847);
create table accountDetails(accountNumber bigint,accountType varchar(20),openDate date,balance float,holder1 varchar(20),holder2 varchar(20),holder3 varchar(20),gurantee1 varchar(20),gurantee2 varchar(20),IDproof1 varchar(20),IDproof2 varchar(20),IDproof3 varchar(20),draftLimit float);
insert into accountDetails values(1024657847,'Savings Account','03.11.2008',15034,'Karan Jain','Rohit Jaiswal','Ajay Gautam','admin','admin','KAR123','ROH123','AJA123',5000);
insert into accountDetails values(1024659247,'Savings Account','03.11.2008',19994,'Karan Jain','Rohit Jaiswal','Ajay Gautam','admin','admin','KAR123','ROH123','AJA123',6000);
insert into accountDetails values(1025347847,'Current Account','03.11.2008',10994,'Rohit Jaiswal','Karan Jain','Ajay Gautam','admin','admin','ROH123','KAR123','AJA123',7000);
insert into accountDetails values(1024657899,'Savings Account','03.11.2008',17694,'Rohit Jaiswal','Karan Jain','Ajay Gautam','admin','admin','ROH123','KAR123','AJA123',8000);
insert into accountDetails values(1029657847,'Fixed Deposit','03.11.2008',12564,'Rohit Jaiswal','Karan Jain','Ajay Gautam','admin','admin','ROH123','KAR123','AJA123',9000);
insert into accountDetails values(1022657847,'Savings Account','03.11.2008',14564,'Ajay Gautam','Karan Jain','Rohit Jaiswal','admin','admin','AJA123','KAR123','ROH123',10000);
insert into accountDetails values(1098757847,'Savings Account','03.11.2008',9549,'Ajay Gautam','Karan Jain','Rohit Jaiswal','admin','admin','AJA123','KAR123','ROH123',3000);
insert into accountDetails values(1024633347,'Savings Account','03.11.2008',23456,'Gaurav Gupta','Rohit Jaiswal','Ajay Gautam','admin','admin','GAU123','ROH123','AJA123',3000);
insert into accountDetails values(1024633847,'Savings Account','03.11.2008',12334,'Gaurav Gupta','Rohit Jaiswal','Ajay Gautam','admin','admin','GAU123','ROH123','AJA123',5000);
insert into accountDetails values(1024653247,'Current Account','03.11.2008',21338,'Gaurav Gupta','Rohit Jaiswal','Ajay Gautam','admin','admin','GAU123','ROH123','AJA123',7000);
insert into accountDetails values(1024324847,'Savings Account','03.11.2008',3998,'Gaurav Gupta','Rohit Jaiswal','Ajay Gautam','admin','admin','GAU123','ROH123','AJA123',9000);
create table Draft(acNumber bigint,favour varchar(100),amount float,payable varchar(100),status varchar(100),mode varchar(10),draftNum int);
insert into Draft values(1024657847,'Registrar BHU',13910,'SBI Varanasi','Issued','Courier',176348);
insert into Draft values(1025347847,'IBM TGMC',4000,'Axis Bank, Bangalore','Delivered','Courier',176349);
insert into Draft values(1022657847,'Cashnxt Technologies',40000,'HDFC Cochin','Collected','Self',176350);
insert into Draft values(1024633347,'Team Teenovators',50000,'IT-BHU','Issued','Self',176351);
create table credit(accountNumber bigint,amount float,transactionID int,details varchar(80));
create table debit(accountNumber bigint,amount float,transactionID int,details varchar(80));
insert into credit values(1024657847,1000,1000,'Transfer Amount');
insert into credit values(1024657847,2000,1001,'Credit to Account');
insert into credit values(1024659247,3500,1002,'Transfer by ROH123');
insert into credit values(1024659247,7000,1003,'Transfer Amount');
insert into credit values(1025347847,1000,1004,'Transfer by KAR123');
insert into credit values(1025347847,1000,1005,'Credit to Account');
insert into credit values(1024657899,1000,1006,'Transfer Amount');
insert into credit values(1029657847,1000,1007,'Transfer Amount');
insert into credit values(1022657847,1000,1008,'Transfer Amount');
insert into credit values(1022657847,1000,1009,'Transfer Amount');
insert into credit values(1098757847,1000,1010,'Transfer by KAR123');
insert into credit values(1024633347,1000,1011,'Transfer Amount');
insert into credit values(1024633847,1000,1012,'Transfer by AJA123');
insert into credit values(1024653247,1000,1013,'Transfer by ROH123');
insert into credit values(1024324847,1000,1014,'Credit to Account');
insert into debit values(1025347847,3500,1002,'Transfer to KAR123');
insert into debit values(1025347847,1000,1014,'Transfer to GAU123');
insert into debit values(1024659247,1000,1004,'Transfer to ROH123');
insert into debit values(1024659247,1000,1010,'Transfer to AJA123');
create table transaction(transactionID int,time time,date date);
insert into transaction values(1000,'20:28:01','02.11.2008');
insert into transaction values(1001,'20:28:02','02.11.2008');
insert into transaction values(1002,'20:28:03','02.11.2008');
insert into transaction values(1003,'20:28:04','02.11.2008');
insert into transaction values(1004,'20:28:05','02.11.2008');
insert into transaction values(1005,'20:28:06','02.11.2008');
insert into transaction values(1006,'20:28:07','02.11.2008');
insert into transaction values(1007,'20:28:08','02.11.2008');
insert into transaction values(1008,'20:28:09','02.11.2008');
insert into transaction values(1009,'20:28:10','02.11.2008');
insert into transaction values(1010,'20:28:11','02.11.2008');
insert into transaction values(1011,'20:28:12','02.11.2008');
insert into transaction values(1012,'20:28:13','02.11.2008');
insert into transaction values(1013,'20:28:14','02.11.2008');
insert into transaction values(1014,'20:28:15','02.11.2008');
insert into transaction values(999,'15:41:33','04.11.2008');
create table count(cnt varchar(40),value int);
insert into count values('draftID',176350);
insert into count values('transactionID',1014);
insert into count values('ChequeBook',165340);
insert into count values('Cheque',165340);
create table remittance(accountIssueFrom bigint,accountIssueTo bigint,amount float,dateIssue date,transactionID int,bankIssueTo varchar(50));
insert into remittance values(1024659247,1025347847,3500,'02.11.2008',1002,'A2A');
insert into remittance values(1025347847,1024324847,1000,'02.11.2008',1014,'A2A');
insert into remittance values(1024659247,1025347847,1000,'02.11.2008',1004,'A2A');
insert into remittance values(1024659247,1098757847,1000,'02.11.2008',1010,'A2A');
create table billerMapping(userID int,provider varchar(80),nick varchar (20));
create table billInfo(accountNumber bigint,provider varchar(80),billNumber bigint,amountPaid float,dateTransaction date,timeTransaction time,TransactionID int);
insert into billInfo values(1024657847,'BSNL Gwalior',2341123,485,'04.11.2008','15:41:33',999);
create table chequeBook(accountNumber bigint,chequeQty int,dateIssued date,chequeBookNumber int,chequeStart int,chequeEnd int,mode varchar(20));
create table standingInstruction(accountFrom bigint,accountTo bigint,typeSI varchar(20),timeServed varchar(20),dateServed int,amount float);